{
    "c_id": 1,
    "m_id": 8,
    "tspan": [
        5900,
        5950
    ],
    "cal_tspans": [
        [
            850,
            900
        ],
        [
            1300,
            1600
        ],
        [
            2100,
            2400
        ],
        [
            4600,
            4900
        ],
        [
            5640,
            5690
        ],
        [
            5900,
            5950
        ]
    ],
    "t_bg": [
        4180,
        4200
    ],
    "F": {
        "O2": 1.5127970614304311
    },
    "alpha": 0.9976896539425798,
    "category": "good",
    "isotope": 16
}