{
    "c_id": 10,
    "m_id": 8,
    "tspan": [
        1050,
        1600
    ],
    "cal_tspans": [
        [
            1050,
            1600
        ],
        [
            1800,
            2200
        ],
        [
            2700,
            3100
        ],
        [
            5100,
            5150
        ],
        [
            5625,
            5675
        ],
        [
            5900,
            5950
        ]
    ],
    "t_bg": [
        4180,
        4200
    ],
    "F": {
        "O2": 1.5113514282074947
    },
    "alpha": 0.9966881188294904,
    "category": "duplicate",
    "isotope": 16
}