{
    "c_id": 11,
    "m_id": 9,
    "tspan": [
        325,
        375
    ],
    "cal_tspans": [
        [
            325,
            375
        ],
        [
            550,
            600
        ],
        [
            775,
            875
        ],
        [
            1000,
            1050
        ]
    ],
    "t_bg": [
        1200,
        1250
    ],
    "F": {
        "O2": 1.5353467294146654
    },
    "alpha": 0.9977851575150272,
    "category": "duplicate",
    "isotope": 16
}