{
    "c_id": 19,
    "m_id": 105,
    "tspan": [
        11625,
        11725
    ],
    "cal_tspans": null,
    "t_bg": [
        11150,
        11200
    ],
    "F": {
        "O2": 1.002117828028209
    },
    "alpha": 0.9979129284446042,
    "category": "good",
    "isotope": 16
}