{
    "c_id": 2,
    "m_id": 9,
    "tspan": [
        350,
        375
    ],
    "cal_tspans": [
        [
            350,
            375
        ],
        [
            550,
            600
        ],
        [
            790,
            840
        ],
        [
            1010,
            1060
        ]
    ],
    "t_bg": [
        220,
        250
    ],
    "F": {
        "O2": 1.51118482785004
    },
    "alpha": 0.9978176261307701,
    "category": "good",
    "isotope": 16
}