{
    "c_id": 20,
    "m_id": 116,
    "tspan": [
        1700,
        1800
    ],
    "cal_tspans": null,
    "t_bg": [
        1500,
        1550
    ],
    "F": {
        "O2": 1.0519889132779228
    },
    "alpha": 0.03346991522932128,
    "category": "good",
    "isotope": 18
}