{
    "c_id": 21,
    "m_id": 120,
    "tspan": [
        4600,
        4800
    ],
    "cal_tspans": null,
    "t_bg": [
        4150,
        4200
    ],
    "F": {
        "O2": 1.0797011096638225
    },
    "alpha": 0.03869711778080852,
    "category": "good",
    "isotope": 18
}