{
    "c_id": 22,
    "m_id": 153,
    "tspan": [
        600,
        800
    ],
    "cal_tspans": null,
    "t_bg": null,
    "F": {
        "O2": 1.1913558475057606
    },
    "alpha": 0.048909728098626135,
    "category": "bad",
    "isotope": 18
}