{
    "c_id": 23,
    "m_id": 191,
    "tspan": [
        3600,
        3700
    ],
    "cal_tspans": null,
    "t_bg": [
        3350,
        3400
    ],
    "F": {
        "O2": 1.0733696344455728
    },
    "alpha": 0.9980644775621099,
    "category": "good",
    "isotope": 16
}