{
    "c_id": 24,
    "m_id": 203,
    "tspan": [
        500,
        900
    ],
    "cal_tspans": [
        [
            500,
            900
        ],
        [
            1400,
            1800
        ],
        [
            2800,
            3200
        ]
    ],
    "t_bg": [
        3480,
        3520
    ],
    "F": {
        "O2": 1.179651453887716
    },
    "alpha": 0.9980336413372323,
    "category": "good",
    "isotope": 16
}