{
    "c_id": 25,
    "m_id": 210,
    "tspan": [
        600,
        900
    ],
    "cal_tspans": null,
    "t_bg": [
        300,
        350
    ],
    "F": {
        "O2": 0.9505647463662756
    },
    "alpha": 0.998033988152651,
    "category": "good",
    "isotope": 16
}