{
    "c_id": 26,
    "m_id": 225,
    "tspan": [
        2800,
        3100
    ],
    "cal_tspans": null,
    "t_bg": [
        4000,
        4200
    ],
    "F": {
        "O2": 1.0068910228975856
    },
    "alpha": 0.9980104935687294,
    "category": "good",
    "isotope": 16
}