{
    "c_id": 28,
    "m_id": 169,
    "tspan": [
        1600,
        1700
    ],
    "cal_tspans": null,
    "t_bg": [
        0,
        20
    ],
    "F": {
        "O2": 1.2910128991404752
    },
    "alpha": 0.9979739598291311,
    "category": "good",
    "isotope": 16
}