{
    "c_id": 3,
    "m_id": 56,
    "tspan": [
        2700,
        2750
    ],
    "cal_tspans": [
        [
            2700,
            2750
        ],
        [
            2400,
            2450
        ],
        [
            2100,
            2150
        ],
        [
            1840,
            1890
        ]
    ],
    "t_bg": [
        4000,
        4200
    ],
    "F": {
        "O2": 1.3096818097737701
    },
    "alpha": 0.07552210638913467,
    "category": "good",
    "isotope": 18
}