{
    "c_id": 30,
    "m_id": 163,
    "tspan": [
        1500,
        1600
    ],
    "cal_tspans": null,
    "t_bg": [
        0,
        20
    ],
    "F": {
        "O2": 1.3300775957598288
    },
    "alpha": 0.9979528228809176,
    "category": "good",
    "isotope": 16
}