{
    "c_id": 31,
    "m_id": 175,
    "tspan": [
        5450,
        5500
    ],
    "cal_tspans": null,
    "t_bg": [
        5150,
        5200
    ],
    "F": {
        "O2": 1.0610543937292287
    },
    "alpha": 0.9980736321031165,
    "category": "good",
    "isotope": 16
}