{
    "c_id": 32,
    "m_id": 178,
    "tspan": [
        7200,
        7300
    ],
    "cal_tspans": null,
    "t_bg": [
        6900,
        6950
    ],
    "F": {
        "O2": 0.9932657510559019
    },
    "alpha": 0.04455437960194606,
    "category": "good",
    "isotope": 18
}