{
    "c_id": 33,
    "m_id": 175,
    "tspan": [
        250,
        300
    ],
    "cal_tspans": null,
    "t_bg": [
        10,
        30
    ],
    "F": {
        "O2": 1.0914119062096936
    },
    "alpha": 0.9980571089112095,
    "category": "good",
    "isotope": 16
}