{
    "c_id": 4,
    "m_id": 75,
    "tspan": [
        2650,
        2725
    ],
    "cal_tspans": [
        [
            2650,
            2725
        ],
        [
            2325,
            2400
        ],
        [
            2650,
            2725
        ],
        [
            2025,
            2100
        ],
        [
            1725,
            1800
        ],
        [
            1445,
            1520
        ],
        [
            1175,
            1250
        ]
    ],
    "t_bg": [
        1600,
        1675
    ],
    "F": {
        "O2": 1.331349232443236
    },
    "alpha": 0.9975508960075573,
    "category": "good",
    "isotope": 16
}