{
    "c_id": 5,
    "m_id": 76,
    "tspan": [
        4100,
        4500
    ],
    "cal_tspans": [
        [
            4100,
            4500
        ],
        [
            2550,
            2600
        ],
        [
            2250,
            2300
        ],
        [
            1950,
            2000
        ],
        [
            1650,
            1700
        ]
    ],
    "t_bg": [
        1250,
        1300
    ],
    "F": {
        "O2": 1.2228412408820153
    },
    "alpha": 0.04952440793843156,
    "category": "good",
    "isotope": 18
}