{
    "c_id": 6,
    "m_id": 80,
    "tspan": [
        2850,
        2910
    ],
    "cal_tspans": [
        [
            2850,
            2910
        ],
        [
            2450,
            2500
        ],
        [
            2250,
            2300
        ],
        [
            3450,
            3500
        ]
    ],
    "t_bg": [
        2700,
        2750
    ],
    "F": {
        "O2": 1.3753473735063306
    },
    "alpha": 0.9978693587394406,
    "category": "good",
    "isotope": 16
}