{
    "c_id": 7,
    "m_id": 93,
    "tspan": [
        100,
        250
    ],
    "cal_tspans": null,
    "t_bg": [
        950,
        1000
    ],
    "F": {
        "O2": 1.1222425996692724
    },
    "alpha": 0.0713550268550077,
    "category": "good",
    "isotope": 18
}