{
    "c_id": 8,
    "m_id": 94,
    "tspan": [
        600,
        700
    ],
    "cal_tspans": null,
    "t_bg": [
        350,
        400
    ],
    "F": {
        "O2": 1.1275371800620004
    },
    "alpha": 0.07095170762770776,
    "category": "good",
    "isotope": 18
}