{"c_id_list": [1, 2, 3, 4, 5, 6, 7, 8, 19, 20, 21, 23, 24, 25, 26, 28, 30, 31, 32, 33], "tau": 2576125.002462207, "y0": 1.0963036038506062, "y1": 1.983221738757553}