{"G1": -0.19114646085322898, "G2": -0.32520575678654184, "j_norm_0": 0.0015196579163904793}