{"G1": -0.19064252124182723, "G2": -0.3231740298810635, "j_norm_0": 0.0014982369489388555}