{
    "tof_type": "activity",
    "rate": 2.56083496171455e-10,
    "tof": 0.06576628473073741,
    "potential": null,
    "current": 9.850770086865417e-05,
    "e_id": 30,
    "tspan": [
        365.0,
        965.0
    ],
    "r_id": null,
    "rate_calc_kwargs": {},
    "description": "composite",
    "t_id": 108,
    "amount": null,
    "sample_name": null
}