{
    "tof_type": "activity",
    "rate": 6.685497942945556e-11,
    "tof": 0.017169414189352465,
    "potential": null,
    "current": 2.9837728500416322e-05,
    "e_id": 30,
    "tspan": [
        1300.0,
        1900.0
    ],
    "r_id": null,
    "rate_calc_kwargs": {},
    "description": "composite",
    "t_id": 111,
    "amount": null,
    "sample_name": null
}