{
    "tof_type": "activity",
    "rate": 2.3979492540921977e-10,
    "tof": 0.012611481437799364,
    "potential": null,
    "current": 0.00010001557643987341,
    "e_id": 33,
    "tspan": [
        540.0,
        2120.0
    ],
    "r_id": null,
    "rate_calc_kwargs": {},
    "description": "steady (30 min)",
    "t_id": 139,
    "amount": null,
    "sample_name": null
}