{
    "tof_type": "activity",
    "rate": 1.4514464857922143e-10,
    "tof": 0.0033254972246161223,
    "potential": null,
    "current": 9.984997075603663e-05,
    "e_id": 34,
    "tspan": [
        430.0,
        1030.0
    ],
    "r_id": null,
    "rate_calc_kwargs": {},
    "description": "composite",
    "t_id": 142,
    "amount": null,
    "sample_name": null
}