{
    "tof_type": "activity",
    "rate": 4.152111379068663e-12,
    "tof": 5.4031757294714606e-05,
    "potential": null,
    "current": 6.449860986639269e-05,
    "e_id": 35,
    "tspan": [
        300.0,
        500.0
    ],
    "r_id": null,
    "rate_calc_kwargs": {},
    "description": "first 2 min",
    "t_id": 157,
    "amount": null,
    "sample_name": null
}