{
    "tof_type": "activity",
    "rate": 2.9028077946390457e-10,
    "tof": -0.0001187954889409734,
    "potential": null,
    "current": 0.00010005423026511111,
    "e_id": 7,
    "tspan": [
        1250.0,
        3500.0
    ],
    "r_id": null,
    "rate_calc_kwargs": {},
    "description": "steady",
    "t_id": 19,
    "amount": null,
    "sample_name": null
}