{
    "tof_type": "activity",
    "rate": 2.3764148663436157e-10,
    "tof": 0.1550941470361002,
    "potential": null,
    "current": 0.00010002715745882354,
    "e_id": 40,
    "tspan": [
        540.0,
        1050.0
    ],
    "r_id": null,
    "rate_calc_kwargs": {},
    "description": "next 8 min",
    "t_id": 193,
    "amount": null,
    "sample_name": null
}