{
    "tof_type": "activity",
    "rate": 3.144362197671789e-10,
    "tof": -0.01938081108197771,
    "potential": null,
    "current": 9.980937436946696e-05,
    "e_id": 13,
    "tspan": [
        220.0,
        1830.0
    ],
    "r_id": null,
    "rate_calc_kwargs": {},
    "description": "steady",
    "t_id": 208,
    "amount": null,
    "sample_name": null
}