{
    "tof_type": "activity",
    "rate": 2.9275149301536793e-10,
    "tof": -0.012778301391460762,
    "potential": null,
    "current": 0.00010004805363651316,
    "e_id": 24,
    "tspan": [
        340.0,
        1860.0
    ],
    "r_id": null,
    "rate_calc_kwargs": {},
    "description": "steady",
    "t_id": 211,
    "amount": null,
    "sample_name": null
}