{
    "tof_type": "activity",
    "rate": 2.361532981046784e-11,
    "tof": -0.003467903853754963,
    "potential": null,
    "current": 9.966633249340371e-06,
    "e_id": 27,
    "tspan": [
        2060.0,
        5660.0
    ],
    "r_id": null,
    "rate_calc_kwargs": {},
    "description": "composite, full time (1 hour)",
    "t_id": 216,
    "amount": null,
    "sample_name": null
}