{
    "tof_type": "activity",
    "rate": 2.6607305515762677e-10,
    "tof": 0.1134037045953758,
    "potential": 1.4567762254104664,
    "current": 9.978137686555031e-05,
    "e_id": 10,
    "tspan": [
        20.0,
        600.0
    ],
    "r_id": null,
    "rate_calc_kwargs": {},
    "description": "full time (10 minutes)",
    "t_id": 22,
    "amount": null,
    "sample_name": null
}