{
    "tof_type": "activity",
    "rate": 1.1227785224232884e-10,
    "tof": 0.009917592886443413,
    "potential": 1.43912635282,
    "current": 4.334234204967298e-05,
    "e_id": 45,
    "tspan": [
        3075.0,
        3125.0
    ],
    "r_id": null,
    "rate_calc_kwargs": {},
    "description": null,
    "t_id": 240,
    "amount": null,
    "sample_name": null
}