{
    "tof_type": "activity",
    "rate": 2.527419705256354e-11,
    "tof": 0.0022324901295589137,
    "potential": 1.3991898983000002,
    "current": 1.1113823893382968e-05,
    "e_id": 45,
    "tspan": [
        2650,
        2700
    ],
    "r_id": null,
    "rate_calc_kwargs": {},
    "description": null,
    "t_id": 244,
    "amount": null,
    "sample_name": null
}