{
    "tof_type": "activity",
    "rate": 8.223676411609838e-13,
    "tof": 7.264039438888232e-05,
    "potential": 1.34910014012,
    "current": 1.3166146393025403e-06,
    "e_id": 45,
    "tspan": [
        1700,
        1750
    ],
    "r_id": null,
    "rate_calc_kwargs": {},
    "description": null,
    "t_id": 247,
    "amount": null,
    "sample_name": null
}