{
    "tof_type": "activity",
    "rate": 4.170084532055593e-12,
    "tof": 0.00036834691673404276,
    "potential": 1.3695832480199999,
    "current": 2.8329247181171655e-06,
    "e_id": 45,
    "tspan": [
        2075,
        2125
    ],
    "r_id": null,
    "rate_calc_kwargs": {},
    "description": null,
    "t_id": 249,
    "amount": null,
    "sample_name": null
}