{
    "tof_type": "activity",
    "rate": 2.9053562045575645e-10,
    "tof": 0.16077265184930112,
    "potential": null,
    "current": 9.99889846407367e-05,
    "e_id": 11,
    "tspan": [
        20.0,
        1200.0
    ],
    "r_id": null,
    "rate_calc_kwargs": {},
    "description": "full time (20 min)",
    "t_id": 25,
    "amount": null,
    "sample_name": null
}