{
    "tof_type": "activity",
    "rate": 2.0576037119092752e-11,
    "tof": 0.0018174978883910048,
    "potential": 1.39963179284,
    "current": 1.0700909300073801e-05,
    "e_id": 45,
    "tspan": [
        3275,
        3325
    ],
    "r_id": null,
    "rate_calc_kwargs": {},
    "description": null,
    "t_id": 250,
    "amount": null,
    "sample_name": null
}