{
    "tof_type": "activity",
    "rate": 7.621416925690504e-13,
    "tof": 6.732058796752754e-05,
    "potential": 1.35848453712,
    "current": 3.980406045611768e-06,
    "e_id": 45,
    "tspan": [
        4050,
        4100
    ],
    "r_id": null,
    "rate_calc_kwargs": {},
    "description": null,
    "t_id": 254,
    "amount": null,
    "sample_name": null
}