{
    "tof_type": "activity",
    "rate": 2.7857139184091583e-12,
    "tof": 0.0003178958336278221,
    "potential": 1.35918854676,
    "current": 1.4589847762441608e-06,
    "e_id": 46,
    "tspan": [
        2075,
        2125
    ],
    "r_id": null,
    "rate_calc_kwargs": {},
    "description": null,
    "t_id": 261,
    "amount": null,
    "sample_name": null
}