{
    "tof_type": "activity",
    "rate": 2.5915713000362515e-11,
    "tof": 0.002957409637029203,
    "potential": 1.3897443803399998,
    "current": 1.0364199673724943e-05,
    "e_id": 46,
    "tspan": [
        2650,
        2700
    ],
    "r_id": null,
    "rate_calc_kwargs": {},
    "description": null,
    "t_id": 264,
    "amount": null,
    "sample_name": null
}