{
    "tof_type": "activity",
    "rate": 4.499075366503046e-11,
    "tof": 0.005134185907380083,
    "potential": 1.39970573544,
    "current": 1.766796985437872e-05,
    "e_id": 46,
    "tspan": [
        2850,
        2900
    ],
    "r_id": null,
    "rate_calc_kwargs": {},
    "description": null,
    "t_id": 265,
    "amount": null,
    "sample_name": null
}