{
    "tof_type": "activity",
    "rate": 9.90805769180554e-11,
    "tof": 0.011306725499536572,
    "potential": 1.41881783412,
    "current": 3.852724145256877e-05,
    "e_id": 46,
    "tspan": [
        3050,
        3100
    ],
    "r_id": null,
    "rate_calc_kwargs": {},
    "description": null,
    "t_id": 266,
    "amount": null,
    "sample_name": null
}