{
    "tof_type": "activity",
    "rate": 1.6707446599422297e-10,
    "tof": 0.01906594797626873,
    "potential": 1.43813840596,
    "current": 6.45019219005197e-05,
    "e_id": 46,
    "tspan": [
        3250,
        3300
    ],
    "r_id": null,
    "rate_calc_kwargs": {},
    "description": null,
    "t_id": 267,
    "amount": null,
    "sample_name": null
}