{
    "tof_type": "activity",
    "rate": 4.613409393815796e-12,
    "tof": 0.0005264659861235937,
    "potential": 1.3695869887599998,
    "current": 1.844251618421298e-06,
    "e_id": 46,
    "tspan": [
        4050,
        4100
    ],
    "r_id": null,
    "rate_calc_kwargs": {},
    "description": null,
    "t_id": 271,
    "amount": null,
    "sample_name": null
}