{
    "tof_type": "activity",
    "rate": 2.0637223527770814e-12,
    "tof": 0.00023550470612829165,
    "potential": 1.3593548193400002,
    "current": 8.392126360956002e-07,
    "e_id": 46,
    "tspan": [
        4225,
        4275
    ],
    "r_id": null,
    "rate_calc_kwargs": {},
    "description": null,
    "t_id": 272,
    "amount": null,
    "sample_name": null
}