{
    "tof_type": "activity",
    "rate": 1.4298331522107346e-13,
    "tof": 1.6316750936517624e-05,
    "potential": 1.3283887964,
    "current": -5.563352899729661e-09,
    "e_id": 46,
    "tspan": [
        4775,
        4825
    ],
    "r_id": null,
    "rate_calc_kwargs": {},
    "description": null,
    "t_id": 275,
    "amount": null,
    "sample_name": null
}