{
    "tof_type": "activity",
    "rate": 8.452924491644817e-14,
    "tof": 9.646178884725599e-06,
    "potential": 1.3192905121399998,
    "current": -6.680130920057309e-08,
    "e_id": 46,
    "tspan": [
        4950,
        5000
    ],
    "r_id": null,
    "rate_calc_kwargs": {},
    "description": null,
    "t_id": 276,
    "amount": null,
    "sample_name": null
}