{
    "tof_type": "activity",
    "rate": 9.777747812099807e-12,
    "tof": 0.0009137374019094238,
    "potential": 1.3721333144,
    "current": 4.164963069700864e-06,
    "e_id": 47,
    "tspan": [
        2725,
        2775
    ],
    "r_id": null,
    "rate_calc_kwargs": {},
    "description": null,
    "t_id": 286,
    "amount": null,
    "sample_name": null
}