{
    "tof_type": "activity",
    "rate": 1.1297382636305263e-10,
    "tof": 0.010557483437750212,
    "potential": 1.42230319422,
    "current": 4.3598368666677933e-05,
    "e_id": 47,
    "tspan": [
        3500,
        3550
    ],
    "r_id": null,
    "rate_calc_kwargs": {},
    "description": null,
    "t_id": 291,
    "amount": null,
    "sample_name": null
}