{
    "tof_type": "activity",
    "rate": 5.403959494244308e-11,
    "tof": 0.0050500381101915,
    "potential": 1.4020922342,
    "current": 2.09858803712942e-05,
    "e_id": 47,
    "tspan": [
        3700,
        3750
    ],
    "r_id": null,
    "rate_calc_kwargs": {},
    "description": null,
    "t_id": 292,
    "amount": null,
    "sample_name": null
}