{
    "tof_type": "activity",
    "rate": 3.677031324559805e-12,
    "tof": 0.0003436211603949423,
    "potential": 1.36214242602,
    "current": 1.5976935383279318e-06,
    "e_id": 47,
    "tspan": [
        4475,
        4525
    ],
    "r_id": null,
    "rate_calc_kwargs": {},
    "description": null,
    "t_id": 296,
    "amount": null,
    "sample_name": null
}