{
    "tof_type": "activity",
    "rate": 2.2952887039185434e-13,
    "tof": 2.1449634182170402e-05,
    "potential": 1.3322308149400002,
    "current": 1.6836292252014315e-07,
    "e_id": 47,
    "tspan": [
        5200,
        5250
    ],
    "r_id": null,
    "rate_calc_kwargs": {},
    "description": null,
    "t_id": 300,
    "amount": null,
    "sample_name": null
}