{
    "tof_type": "activity",
    "rate": 2.029217580554514e-13,
    "tof": 1.896318084283479e-05,
    "potential": 1.33193447708,
    "current": 1.605551171214312e-07,
    "e_id": 47,
    "tspan": [
        5550,
        5600
    ],
    "r_id": null,
    "rate_calc_kwargs": {},
    "description": null,
    "t_id": 302,
    "amount": null,
    "sample_name": null
}