{
    "tof_type": "activity",
    "rate": 1.3732391858893433e-12,
    "tof": 0.00025040642218710613,
    "potential": 1.35238458354,
    "current": 1.276253004156678e-06,
    "e_id": 48,
    "tspan": [
        1950,
        2000
    ],
    "r_id": null,
    "rate_calc_kwargs": {},
    "description": null,
    "t_id": 308,
    "amount": null,
    "sample_name": null
}