{
    "tof_type": "activity",
    "rate": 2.4238581110236913e-12,
    "tof": 0.0004419839192671775,
    "potential": 1.36229736884,
    "current": 1.840966814537226e-06,
    "e_id": 48,
    "tspan": [
        2125,
        2175
    ],
    "r_id": null,
    "rate_calc_kwargs": {},
    "description": null,
    "t_id": 309,
    "amount": null,
    "sample_name": null
}