{
    "tof_type": "activity",
    "rate": 1.2987828214977146e-13,
    "tof": 2.368295071034511e-05,
    "potential": 1.33225943012,
    "current": 7.319965304347399e-07,
    "e_id": 48,
    "tspan": [
        4625,
        4675
    ],
    "r_id": null,
    "rate_calc_kwargs": {},
    "description": null,
    "t_id": 322,
    "amount": null,
    "sample_name": null
}