{
    "tof_type": "activity",
    "rate": 2.799433304595918e-12,
    "tof": 0.0010717870278468137,
    "potential": 1.3721856979599998,
    "current": 1.2029932963533449e-06,
    "e_id": 49,
    "tspan": [
        975,
        1025
    ],
    "r_id": null,
    "rate_calc_kwargs": {},
    "description": null,
    "t_id": 330,
    "amount": null,
    "sample_name": null
}