{
    "tof_type": "activity",
    "rate": 6.0932883468669945e-12,
    "tof": 0.0023328676544572546,
    "potential": 1.3821337745,
    "current": 2.357350300584651e-06,
    "e_id": 49,
    "tspan": [
        1175,
        1225
    ],
    "r_id": null,
    "rate_calc_kwargs": {},
    "description": null,
    "t_id": 331,
    "amount": null,
    "sample_name": null
}