{
    "tof_type": "activity",
    "rate": 2.0348842953956875e-11,
    "tof": 0.007790728885713214,
    "potential": 1.4022413774000002,
    "current": 7.931656204650836e-06,
    "e_id": 49,
    "tspan": [
        1575,
        1625
    ],
    "r_id": null,
    "rate_calc_kwargs": {},
    "description": null,
    "t_id": 333,
    "amount": null,
    "sample_name": null
}