{
    "tof_type": "activity",
    "rate": 1.7896950894361777e-11,
    "tof": 0.006665541452832547,
    "potential": 1.40238212544,
    "current": 6.9058996290611054e-06,
    "e_id": 50,
    "tspan": [
        125,
        175
    ],
    "r_id": null,
    "rate_calc_kwargs": {},
    "description": null,
    "t_id": 336,
    "amount": null,
    "sample_name": null
}