{
    "tof_type": "activity",
    "rate": 9.728801778897117e-12,
    "tof": 0.003623395511693518,
    "potential": 1.3924590398599999,
    "current": 3.7313949035117343e-06,
    "e_id": 50,
    "tspan": [
        300,
        350
    ],
    "r_id": null,
    "rate_calc_kwargs": {},
    "description": null,
    "t_id": 337,
    "amount": null,
    "sample_name": null
}