{
    "tof_type": "activity",
    "rate": 2.500789312401434e-10,
    "tof": -0.015414040168581174,
    "potential": null,
    "current": 9.989913047151814e-05,
    "e_id": 13,
    "tspan": [
        25.0,
        140.0
    ],
    "r_id": null,
    "rate_calc_kwargs": {},
    "description": "first 2 min",
    "t_id": 34,
    "amount": null,
    "sample_name": null
}