{
    "tof_type": "activity",
    "rate": 2.0750374452517016e-13,
    "tof": 7.728270692111211e-05,
    "potential": 1.3322647713400002,
    "current": 2.805533983139289e-08,
    "e_id": 50,
    "tspan": [
        1425,
        1475
    ],
    "r_id": null,
    "rate_calc_kwargs": {},
    "description": null,
    "t_id": 343,
    "amount": null,
    "sample_name": null
}