{
    "tof_type": "activity",
    "rate": 3.3836593219037113e-12,
    "tof": 0.0013684405573350749,
    "potential": 1.4392825155,
    "current": 1.8012788327861735e-06,
    "e_id": 53,
    "tspan": [
        5675,
        5725
    ],
    "r_id": null,
    "rate_calc_kwargs": {},
    "description": null,
    "t_id": 348,
    "amount": null,
    "sample_name": null
}