{
    "tof_type": "activity",
    "rate": 2.4044777678775777e-12,
    "tof": 0.0009724338604286427,
    "potential": 1.42929120986,
    "current": 1.3880326020064916e-06,
    "e_id": 53,
    "tspan": [
        5450,
        5500
    ],
    "r_id": null,
    "rate_calc_kwargs": {},
    "description": null,
    "t_id": 349,
    "amount": null,
    "sample_name": null
}