{
    "tof_type": "activity",
    "rate": 1.2275472943423512e-12,
    "tof": 0.0004964523150279528,
    "potential": 1.4091476108216432,
    "current": 8.711608132507432e-07,
    "e_id": 53,
    "tspan": [
        4850,
        4900
    ],
    "r_id": null,
    "rate_calc_kwargs": {},
    "description": null,
    "t_id": 352,
    "amount": null,
    "sample_name": null
}