{
    "tof_type": "activity",
    "rate": 4.619311469528336e-13,
    "tof": 0.0001868170687558818,
    "potential": 1.37913399542,
    "current": 4.6767928934625175e-07,
    "e_id": 53,
    "tspan": [
        4050,
        4100
    ],
    "r_id": null,
    "rate_calc_kwargs": {},
    "description": null,
    "t_id": 356,
    "amount": null,
    "sample_name": null
}