{
    "tof_type": "activity",
    "rate": 1.0144047030581213e-13,
    "tof": 4.102518620093159e-05,
    "potential": 1.34971349572,
    "current": 3.128420677005024e-07,
    "e_id": 53,
    "tspan": [
        2350,
        2400
    ],
    "r_id": null,
    "rate_calc_kwargs": {},
    "description": null,
    "t_id": 359,
    "amount": null,
    "sample_name": null
}