{
    "tof_type": "activity",
    "rate": 1.9245311008745462e-13,
    "tof": 2.1181731214945702e-05,
    "potential": 1.31905232058,
    "current": 7.119230979207546e-07,
    "e_id": 54,
    "tspan": [
        1300,
        1350
    ],
    "r_id": null,
    "rate_calc_kwargs": {},
    "description": null,
    "t_id": 362,
    "amount": null,
    "sample_name": null
}