{
    "tof_type": "activity",
    "rate": 7.461789810756767e-12,
    "tof": 0.0008212578434406572,
    "potential": 1.3595727906,
    "current": 3.73749055668633e-06,
    "e_id": 54,
    "tspan": [
        2175,
        2225
    ],
    "r_id": null,
    "rate_calc_kwargs": {},
    "description": null,
    "t_id": 367,
    "amount": null,
    "sample_name": null
}