{
    "tof_type": "activity",
    "rate": 1.2525661929292105e-10,
    "tof": 0.013785966054535515,
    "potential": 1.40736906284,
    "current": 4.87949951378993e-05,
    "e_id": 54,
    "tspan": [
        3150,
        3200
    ],
    "r_id": null,
    "rate_calc_kwargs": {},
    "description": null,
    "t_id": 372,
    "amount": null,
    "sample_name": null
}