{
    "tof_type": "activity",
    "rate": 5.385029939541646e-11,
    "tof": 0.00592685962372722,
    "potential": 1.3884540274800001,
    "current": 2.111779465250591e-05,
    "e_id": 54,
    "tspan": [
        3550,
        3600
    ],
    "r_id": null,
    "rate_calc_kwargs": {},
    "description": null,
    "t_id": 374,
    "amount": null,
    "sample_name": null
}