{
    "tof_type": "activity",
    "rate": 2.918508548791977e-11,
    "tof": 0.003212162360012839,
    "potential": 1.3796922571999999,
    "current": 1.17046242922164e-05,
    "e_id": 54,
    "tspan": [
        3750,
        3800
    ],
    "r_id": null,
    "rate_calc_kwargs": {},
    "description": null,
    "t_id": 375,
    "amount": null,
    "sample_name": null
}