{
    "tof_type": "activity",
    "rate": 2.8712038324001984e-11,
    "tof": 0.0031600979487204175,
    "potential": 1.3799145016000003,
    "current": 1.1590050722441771e-05,
    "e_id": 54,
    "tspan": [
        3950,
        4000
    ],
    "r_id": null,
    "rate_calc_kwargs": {},
    "description": null,
    "t_id": 376,
    "amount": null,
    "sample_name": null
}