{
    "tof_type": "activity",
    "rate": 2.3666804211291276e-12,
    "tof": 0.0002604810518741495,
    "potential": 1.34753393712,
    "current": 1.498087594908811e-06,
    "e_id": 54,
    "tspan": [
        4500,
        4550
    ],
    "r_id": null,
    "rate_calc_kwargs": {},
    "description": null,
    "t_id": 379,
    "amount": null,
    "sample_name": null
}