{
    "tof_type": "activity",
    "rate": 9.29740303812881e-13,
    "tof": 0.000102328869645792,
    "potential": 1.3394808306400001,
    "current": 9.287742661323039e-07,
    "e_id": 54,
    "tspan": [
        4675,
        4725
    ],
    "r_id": null,
    "rate_calc_kwargs": {},
    "description": null,
    "t_id": 380,
    "amount": null,
    "sample_name": null
}