{
    "tof_type": "activity",
    "rate": 3.488266784777977e-13,
    "tof": 3.8392483970570265e-05,
    "potential": 1.32863267374,
    "current": 6.515774423230075e-07,
    "e_id": 54,
    "tspan": [
        4850,
        4900
    ],
    "r_id": null,
    "rate_calc_kwargs": {},
    "description": null,
    "t_id": 381,
    "amount": null,
    "sample_name": null
}