{
    "tof_type": "activity",
    "rate": 1.3509326153812666e-12,
    "tof": 0.0001205444553280373,
    "potential": 1.3409751536399999,
    "current": 5.337326749984191e-07,
    "e_id": 55,
    "tspan": [
        1725,
        1775
    ],
    "r_id": null,
    "rate_calc_kwargs": {},
    "description": null,
    "t_id": 386,
    "amount": null,
    "sample_name": null
}