{
    "tof_type": "activity",
    "rate": 3.4507345590972508e-12,
    "tof": 0.00030791092995457575,
    "potential": 1.3499650045,
    "current": 1.4647998771585512e-06,
    "e_id": 55,
    "tspan": [
        1900,
        1950
    ],
    "r_id": null,
    "rate_calc_kwargs": {},
    "description": null,
    "t_id": 387,
    "amount": null,
    "sample_name": null
}