{
    "tof_type": "activity",
    "rate": 8.532594607755617e-12,
    "tof": 0.0007613680784785587,
    "potential": 1.35932257936,
    "current": 3.4698158348642284e-06,
    "e_id": 55,
    "tspan": [
        2075,
        2125
    ],
    "r_id": null,
    "rate_calc_kwargs": {},
    "description": null,
    "t_id": 388,
    "amount": null,
    "sample_name": null
}