{
    "tof_type": "activity",
    "rate": 1.3908809399765697e-10,
    "tof": 0.01241090661567198,
    "potential": 1.38919832534,
    "current": 5.385550878263187e-05,
    "e_id": 55,
    "tspan": [
        2650,
        2700
    ],
    "r_id": null,
    "rate_calc_kwargs": {},
    "description": null,
    "t_id": 390,
    "amount": null,
    "sample_name": null
}