{
    "tof_type": "activity",
    "rate": 4.47954378445124e-11,
    "tof": 0.003997121392041991,
    "potential": 1.364592632314743,
    "current": 1.6831638221240775e-05,
    "e_id": 55,
    "tspan": [
        3250,
        3300
    ],
    "r_id": null,
    "rate_calc_kwargs": {},
    "description": null,
    "t_id": 393,
    "amount": null,
    "sample_name": null
}