{
    "tof_type": "activity",
    "rate": 2.642869335370399e-12,
    "tof": 0.0002358246746788955,
    "potential": 1.3489484395199998,
    "current": 1.003119387268278e-06,
    "e_id": 55,
    "tspan": [
        3800,
        3850
    ],
    "r_id": null,
    "rate_calc_kwargs": {},
    "description": null,
    "t_id": 396,
    "amount": null,
    "sample_name": null
}