{
    "tof_type": "activity",
    "rate": 2.6282307408853105e-10,
    "tof": -0.016571430670467797,
    "potential": null,
    "current": 0.00010004873062500001,
    "e_id": 15,
    "tspan": [
        30.0,
        150.0
    ],
    "r_id": null,
    "rate_calc_kwargs": {},
    "description": "first 2 min",
    "t_id": 40,
    "amount": null,
    "sample_name": null
}