{
    "tof_type": "activity",
    "rate": 5.6930581072021967e-11,
    "tof": 0.005079946852048385,
    "potential": 1.3787073984349594,
    "current": 2.2175214593633255e-05,
    "e_id": 55,
    "tspan": [
        2450.0,
        2500.0
    ],
    "r_id": null,
    "rate_calc_kwargs": {},
    "description": null,
    "t_id": 401,
    "amount": null,
    "sample_name": null
}