{
    "tof_type": "activity",
    "rate": 2.1243871388139428e-10,
    "tof": 0.015202314381494013,
    "potential": 1.43586918546,
    "current": 8.030978686337001e-05,
    "e_id": 56,
    "tspan": [
        1225,
        1275
    ],
    "r_id": null,
    "rate_calc_kwargs": {},
    "description": null,
    "t_id": 403,
    "amount": null,
    "sample_name": null
}