{
    "tof_type": "activity",
    "rate": 9.762396670306845e-11,
    "tof": 0.006986062972576351,
    "potential": 1.40939753496,
    "current": 3.7068788653446536e-05,
    "e_id": 56,
    "tspan": [
        1400,
        1450
    ],
    "r_id": null,
    "rate_calc_kwargs": {},
    "description": null,
    "t_id": 404,
    "amount": null,
    "sample_name": null
}