{
    "tof_type": "activity",
    "rate": 3.487466853682037e-11,
    "tof": 0.002495664115831266,
    "potential": 1.3897708211599997,
    "current": 1.3183481184052512e-05,
    "e_id": 56,
    "tspan": [
        1550,
        1600
    ],
    "r_id": null,
    "rate_calc_kwargs": {},
    "description": null,
    "t_id": 405,
    "amount": null,
    "sample_name": null
}