{
    "tof_type": "activity",
    "rate": 7.721814831758865e-12,
    "tof": 0.0005525803396344264,
    "potential": 1.3688001092,
    "current": 2.71974872282914e-06,
    "e_id": 56,
    "tspan": [
        1875,
        1925
    ],
    "r_id": null,
    "rate_calc_kwargs": {},
    "description": null,
    "t_id": 407,
    "amount": null,
    "sample_name": null
}