{
    "tof_type": "activity",
    "rate": 1.3996525727679546e-12,
    "tof": 0.00010016045591372283,
    "potential": 1.3490068544799998,
    "current": 1.8483384335459516e-07,
    "e_id": 56,
    "tspan": [
        2250,
        2300
    ],
    "r_id": null,
    "rate_calc_kwargs": {},
    "description": null,
    "t_id": 408,
    "amount": null,
    "sample_name": null
}