{
    "tof_type": "activity",
    "rate": 2.87392833616829e-12,
    "tof": 0.0006345165289787334,
    "potential": 1.37922137014,
    "current": 1.2992879292508058e-06,
    "e_id": 57,
    "tspan": [
        800,
        850
    ],
    "r_id": null,
    "rate_calc_kwargs": {},
    "description": null,
    "t_id": 416,
    "amount": null,
    "sample_name": null
}