{
    "tof_type": "activity",
    "rate": 1.9451123112182254e-10,
    "tof": 0.04294490912162113,
    "potential": 1.49930143292,
    "current": 7.517171334962673e-05,
    "e_id": 57,
    "tspan": [
        1625,
        1675
    ],
    "r_id": null,
    "rate_calc_kwargs": {},
    "description": null,
    "t_id": 419,
    "amount": null,
    "sample_name": null
}