{
    "tof_type": "activity",
    "rate": 3.412744841745553e-13,
    "tof": 6.564894544203783e-05,
    "potential": 1.33889761392,
    "current": 3.708517250134737e-07,
    "e_id": 58,
    "tspan": [
        1900,
        1950
    ],
    "r_id": null,
    "rate_calc_kwargs": {},
    "description": null,
    "t_id": 421,
    "amount": null,
    "sample_name": null
}