{
    "tof_type": "activity",
    "rate": 9.633783544016075e-11,
    "tof": 0.018531937182799413,
    "potential": 1.4292067747000001,
    "current": 3.72665439304211e-05,
    "e_id": 58,
    "tspan": [
        2900,
        2950
    ],
    "r_id": null,
    "rate_calc_kwargs": {},
    "description": null,
    "t_id": 425,
    "amount": null,
    "sample_name": null
}