{
    "tof_type": "activity",
    "rate": 1.8059742753763996e-13,
    "tof": 7.89207921771116e-05,
    "potential": 1.33918900008,
    "current": 2.2210625228645556e-07,
    "e_id": 59,
    "tspan": [
        1375,
        1425
    ],
    "r_id": null,
    "rate_calc_kwargs": {},
    "description": null,
    "t_id": 429,
    "amount": null,
    "sample_name": null
}