{
    "tof_type": "activity",
    "rate": 2.9451199742428812e-12,
    "tof": 0.0012870128029671937,
    "potential": 1.3792964945,
    "current": 1.4369392463117948e-06,
    "e_id": 59,
    "tspan": [
        1875,
        1925
    ],
    "r_id": null,
    "rate_calc_kwargs": {},
    "description": null,
    "t_id": 431,
    "amount": null,
    "sample_name": null
}