{
    "tof_type": "activity",
    "rate": 6.090729900930024e-10,
    "tof": 0.038657627721666706,
    "potential": 1.52909946154,
    "current": 0.00023234118895619683,
    "e_id": 60,
    "tspan": [
        3925,
        3975
    ],
    "r_id": null,
    "rate_calc_kwargs": {},
    "description": null,
    "t_id": 436,
    "amount": null,
    "sample_name": null
}