{
    "tof_type": "activity",
    "rate": 1.5240374982250593e-10,
    "tof": 0.009673007209078257,
    "potential": 1.4290213539399996,
    "current": 5.816303543881658e-05,
    "e_id": 60,
    "tspan": [
        3325,
        3375
    ],
    "r_id": null,
    "rate_calc_kwargs": {},
    "description": null,
    "t_id": 438,
    "amount": null,
    "sample_name": null
}