{
    "tof_type": "activity",
    "rate": 4.7653216464566326e-11,
    "tof": 0.0030245312660243146,
    "potential": 1.39966006984,
    "current": 1.9182013270038714e-05,
    "e_id": 60,
    "tspan": [
        3075,
        3125
    ],
    "r_id": null,
    "rate_calc_kwargs": {},
    "description": null,
    "t_id": 439,
    "amount": null,
    "sample_name": null
}