{
    "tof_type": "activity",
    "rate": 2.3316919715749364e-12,
    "tof": 0.0001479915899488161,
    "potential": 1.3590207509400003,
    "current": 1.7496565803690747e-06,
    "e_id": 60,
    "tspan": [
        2550,
        2600
    ],
    "r_id": null,
    "rate_calc_kwargs": {},
    "description": null,
    "t_id": 441,
    "amount": null,
    "sample_name": null
}