{
    "tof_type": "activity",
    "rate": 4.060874462445685e-13,
    "tof": 2.5774213558489605e-05,
    "potential": 1.3396241019,
    "current": 8.076223247549202e-07,
    "e_id": 60,
    "tspan": [
        2325,
        2375
    ],
    "r_id": null,
    "rate_calc_kwargs": {},
    "description": null,
    "t_id": 442,
    "amount": null,
    "sample_name": null
}