{
    "tof_type": "activity",
    "rate": 2.66041833077317e-13,
    "tof": 1.6885572515573735e-05,
    "potential": 1.3289385074395161,
    "current": 6.20204596973464e-07,
    "e_id": 60,
    "tspan": [
        2100,
        2150
    ],
    "r_id": null,
    "rate_calc_kwargs": {},
    "description": null,
    "t_id": 443,
    "amount": null,
    "sample_name": null
}