{
    "tof_type": "activity",
    "rate": 2.5147891965704054e-12,
    "tof": 0.0028970564624562194,
    "potential": 1.3987361805999998,
    "current": 1.2451179365432323e-06,
    "e_id": 61,
    "tspan": [
        1850,
        1900
    ],
    "r_id": null,
    "rate_calc_kwargs": {},
    "description": null,
    "t_id": 447,
    "amount": null,
    "sample_name": null
}