{
    "tof_type": "activity",
    "rate": 3.7254173797006744e-13,
    "tof": 0.0004291709424363433,
    "potential": 1.3593259407999998,
    "current": 3.2510263295604147e-07,
    "e_id": 61,
    "tspan": [
        1325,
        1375
    ],
    "r_id": null,
    "rate_calc_kwargs": {},
    "description": null,
    "t_id": 449,
    "amount": null,
    "sample_name": null
}