{
    "tof_type": "activity",
    "rate": 2.6872390596287025e-13,
    "tof": 0.0001059300546854585,
    "potential": 1.33911984546,
    "current": 8.820617964877738e-07,
    "e_id": 63,
    "tspan": [
        1600,
        1650
    ],
    "r_id": null,
    "rate_calc_kwargs": {},
    "description": null,
    "t_id": 458,
    "amount": null,
    "sample_name": null
}