{
    "tof_type": "activity",
    "rate": 1.5315495791056651e-10,
    "tof": 0.04264390432020174,
    "potential": null,
    "current": 0.0001000550317652174,
    "e_id": 16,
    "tspan": [
        25.0,
        140.0
    ],
    "r_id": null,
    "rate_calc_kwargs": {},
    "description": "first 2 min",
    "t_id": 46,
    "amount": null,
    "sample_name": null
}