{
    "tof_type": "activity",
    "rate": 3.3997553272046166e-11,
    "tof": 0.013401720492174005,
    "potential": 1.42913384998,
    "current": 1.409570146929099e-05,
    "e_id": 63,
    "tspan": [
        2600,
        2650
    ],
    "r_id": null,
    "rate_calc_kwargs": {},
    "description": null,
    "t_id": 462,
    "amount": null,
    "sample_name": null
}