{
    "tof_type": "activity",
    "rate": 2.1967034220593827e-12,
    "tof": 0.0008659330579194398,
    "potential": 1.37905855232,
    "current": 1.478709898361004e-06,
    "e_id": 63,
    "tspan": [
        3600,
        3650
    ],
    "r_id": null,
    "rate_calc_kwargs": {},
    "description": null,
    "t_id": 465,
    "amount": null,
    "sample_name": null
}