{
    "tof_type": "activity",
    "rate": 1.099719727314027e-12,
    "tof": 0.0004335057963512496,
    "potential": 1.3692601894,
    "current": 1.0990016100914208e-06,
    "e_id": 63,
    "tspan": [
        3850,
        3900
    ],
    "r_id": null,
    "rate_calc_kwargs": {},
    "description": null,
    "t_id": 466,
    "amount": null,
    "sample_name": null
}