{
    "tof_type": "activity",
    "rate": 1.5583855590891384e-14,
    "tof": 6.143103156521937e-06,
    "potential": 1.30916836256,
    "current": 5.977887891053685e-07,
    "e_id": 63,
    "tspan": [
        5250,
        5300
    ],
    "r_id": null,
    "rate_calc_kwargs": {},
    "description": null,
    "t_id": 472,
    "amount": null,
    "sample_name": null
}