{
    "tof_type": "activity",
    "rate": 2.086097473879895e-12,
    "tof": 0.0004092151325939524,
    "potential": 1.4296035189,
    "current": 2.552407592750437e-06,
    "e_id": 64,
    "tspan": [
        2475,
        2525
    ],
    "r_id": null,
    "rate_calc_kwargs": {},
    "description": null,
    "t_id": 477,
    "amount": null,
    "sample_name": null
}