{
    "tof_type": "activity",
    "rate": 2.473100459726827e-12,
    "tof": 0.00048513079816113355,
    "potential": 1.41940221824,
    "current": 2.1046956824574653e-06,
    "e_id": 64,
    "tspan": [
        3750,
        3800
    ],
    "r_id": null,
    "rate_calc_kwargs": {},
    "description": null,
    "t_id": 481,
    "amount": null,
    "sample_name": null
}