{
    "tof_type": "activity",
    "rate": 1.176036279420341e-12,
    "tof": 0.0002306948011989208,
    "potential": 1.40935822236,
    "current": 1.8048047281799874e-06,
    "e_id": 64,
    "tspan": [
        4025,
        4075
    ],
    "r_id": null,
    "rate_calc_kwargs": {},
    "description": null,
    "t_id": 482,
    "amount": null,
    "sample_name": null
}