{
    "tof_type": "activity",
    "rate": 2.0950045490858992e-13,
    "tof": 4.1096237116122324e-05,
    "potential": 1.37921108918,
    "current": 1.47819383493944e-06,
    "e_id": 64,
    "tspan": [
        4800,
        4850
    ],
    "r_id": null,
    "rate_calc_kwargs": {},
    "description": null,
    "t_id": 485,
    "amount": null,
    "sample_name": null
}