{
    "tof_type": "activity",
    "rate": 3.594831373113414e-14,
    "tof": 7.051728960035164e-06,
    "potential": 1.3593533915999998,
    "current": 1.3870622667896017e-06,
    "e_id": 64,
    "tspan": [
        5300,
        5350
    ],
    "r_id": null,
    "rate_calc_kwargs": {},
    "description": null,
    "t_id": 487,
    "amount": null,
    "sample_name": null
}