{
    "tof_type": "activity",
    "rate": 2.0851751243560574e-15,
    "tof": 4.090342017470379e-07,
    "potential": 1.3488406821999999,
    "current": 1.3713607703577068e-06,
    "e_id": 64,
    "tspan": [
        5525,
        5575
    ],
    "r_id": null,
    "rate_calc_kwargs": {},
    "description": null,
    "t_id": 488,
    "amount": null,
    "sample_name": null
}