{
    "tof_type": "activity",
    "rate": 2.6814530114815485e-13,
    "tof": 1.165548446193331e-05,
    "potential": 1.3790797276200002,
    "current": 2.510632905469775e-06,
    "e_id": 65,
    "tspan": [
        2250,
        2300
    ],
    "r_id": null,
    "rate_calc_kwargs": {},
    "description": null,
    "t_id": 491,
    "amount": null,
    "sample_name": null
}