{
    "tof_type": "activity",
    "rate": 9.751060254713078e-12,
    "tof": 0.0004238497963586852,
    "potential": 1.42894781378,
    "current": 6.679738625461032e-06,
    "e_id": 65,
    "tspan": [
        2775,
        2825
    ],
    "r_id": null,
    "rate_calc_kwargs": {},
    "description": null,
    "t_id": 493,
    "amount": null,
    "sample_name": null
}