{
    "tof_type": "activity",
    "rate": 3.419284128725041e-10,
    "tof": 0.014862618461947317,
    "potential": 1.5296921955399998,
    "current": 0.0001273864784835574,
    "e_id": 65,
    "tspan": [
        3600,
        3700
    ],
    "r_id": null,
    "rate_calc_kwargs": {},
    "description": null,
    "t_id": 496,
    "amount": null,
    "sample_name": null
}