{
    "tof_type": "activity",
    "rate": 1.9196831476680356e-12,
    "tof": 0.00016163576334645577,
    "potential": 1.35891142204,
    "current": 1.9958878601108176e-06,
    "e_id": 67,
    "tspan": [
        1850,
        1900
    ],
    "r_id": null,
    "rate_calc_kwargs": {},
    "description": null,
    "t_id": 507,
    "amount": null,
    "sample_name": null
}