{
    "tof_type": "activity",
    "rate": 3.573044370380038e-11,
    "tof": 0.0030084743671303224,
    "potential": 1.39937954682,
    "current": 1.4992230927621328e-05,
    "e_id": 67,
    "tspan": [
        2350,
        2400
    ],
    "r_id": null,
    "rate_calc_kwargs": {},
    "description": null,
    "t_id": 509,
    "amount": null,
    "sample_name": null
}