{
    "tof_type": "activity",
    "rate": 1.329302869688494e-10,
    "tof": 0.011192622299244639,
    "potential": 1.4291357210400002,
    "current": 5.113865682483959e-05,
    "e_id": 67,
    "tspan": [
        2625,
        2675
    ],
    "r_id": null,
    "rate_calc_kwargs": {},
    "description": null,
    "t_id": 510,
    "amount": null,
    "sample_name": null
}