{
    "tof_type": "activity",
    "rate": 5.941804356950478e-10,
    "tof": 0.0500295105500956,
    "potential": 1.52902145628,
    "current": 0.0002288918214298014,
    "e_id": 67,
    "tspan": [
        3220,
        3270
    ],
    "r_id": null,
    "rate_calc_kwargs": {},
    "description": null,
    "t_id": 511,
    "amount": null,
    "sample_name": null
}