{
    "tof_type": "activity",
    "rate": 1.887540544189469e-12,
    "tof": 0.00015892938221501139,
    "potential": 1.3590571694799998,
    "current": 1.8152300235776665e-06,
    "e_id": 67,
    "tspan": [
        4250,
        4300
    ],
    "r_id": null,
    "rate_calc_kwargs": {},
    "description": null,
    "t_id": 514,
    "amount": null,
    "sample_name": null
}