{
    "tof_type": "activity",
    "rate": 3.401107926381036e-14,
    "tof": 2.8637052764258825e-06,
    "potential": 1.30895737474,
    "current": 1.0536665371979794e-06,
    "e_id": 67,
    "tspan": [
        5400,
        5450
    ],
    "r_id": null,
    "rate_calc_kwargs": {},
    "description": null,
    "t_id": 519,
    "amount": null,
    "sample_name": null
}