{
    "tof_type": "activity",
    "rate": 9.49954303120239e-13,
    "tof": 0.00021961769033343708,
    "potential": 1.36923416552,
    "current": 1.8204313232514913e-06,
    "e_id": 68,
    "tspan": [
        1550,
        1600
    ],
    "r_id": null,
    "rate_calc_kwargs": {},
    "description": null,
    "t_id": 521,
    "amount": null,
    "sample_name": null
}