{
    "tof_type": "activity",
    "rate": 4.910563395587863e-10,
    "tof": 0.11352615464055893,
    "potential": 1.5292054719400001,
    "current": 0.0001934147912470597,
    "e_id": 68,
    "tspan": [
        3200,
        3250
    ],
    "r_id": null,
    "rate_calc_kwargs": {},
    "description": null,
    "t_id": 527,
    "amount": null,
    "sample_name": null
}