{
    "tof_type": "activity",
    "rate": 2.7582240687932434e-11,
    "tof": 0.006376673040174596,
    "potential": 1.4090838617199999,
    "current": 1.181220013509065e-05,
    "e_id": 68,
    "tspan": [
        3875,
        3925
    ],
    "r_id": null,
    "rate_calc_kwargs": {},
    "description": null,
    "t_id": 529,
    "amount": null,
    "sample_name": null
}