{
    "tof_type": "activity",
    "rate": 2.570147275235363e-11,
    "tof": 0.05748919771298192,
    "potential": 1.62941524682,
    "current": 1.4134265873394461e-05,
    "e_id": 69,
    "tspan": [
        1700,
        1750
    ],
    "r_id": null,
    "rate_calc_kwargs": {},
    "description": null,
    "t_id": 537,
    "amount": null,
    "sample_name": null
}