{
    "tof_type": "activity",
    "rate": 5.996502363656401e-13,
    "tof": 4.240780332052704e-05,
    "potential": 1.3293603898119999,
    "current": 1.1488251220581643e-06,
    "e_id": 70,
    "tspan": [
        1900,
        1950
    ],
    "r_id": null,
    "rate_calc_kwargs": {},
    "description": null,
    "t_id": 539,
    "amount": null,
    "sample_name": null
}