{
    "tof_type": "activity",
    "rate": 3.8405363538916275e-13,
    "tof": 7.851061056688746e-07,
    "potential": 1.3087332621399999,
    "current": 4.6685404497753044e-06,
    "e_id": 71,
    "tspan": [
        2885,
        2935
    ],
    "r_id": null,
    "rate_calc_kwargs": {},
    "description": null,
    "t_id": 552,
    "amount": null,
    "sample_name": null
}