{
    "tof_type": "activity",
    "rate": 4.184901651562094e-14,
    "tof": 8.555033816919495e-08,
    "potential": 1.2888355439599999,
    "current": 1.5850320966053004e-06,
    "e_id": 71,
    "tspan": [
        5650,
        5700
    ],
    "r_id": null,
    "rate_calc_kwargs": {},
    "description": null,
    "t_id": 558,
    "amount": null,
    "sample_name": null
}