{
    "tof_type": "activity",
    "rate": 2.0256792630922913e-11,
    "tof": 3.4743505797507335e-05,
    "potential": 1.3289147806860706,
    "current": 2.736079532609122e-05,
    "e_id": 73,
    "tspan": [
        880,
        930
    ],
    "r_id": null,
    "rate_calc_kwargs": {},
    "description": null,
    "t_id": 563,
    "amount": null,
    "sample_name": null
}