{
    "tof_type": "activity",
    "rate": 5.261814143626525e-12,
    "tof": 0.003160368187875129,
    "potential": 1.3892288301000004,
    "current": 1.3846194413240722e-06,
    "e_id": 74,
    "tspan": [
        425,
        475
    ],
    "r_id": null,
    "rate_calc_kwargs": {},
    "description": null,
    "t_id": 573,
    "amount": null,
    "sample_name": null
}