{
    "tof_type": "activity",
    "rate": 1.2586405738576356e-11,
    "tof": 0.00755968858080386,
    "potential": 1.4090713390000003,
    "current": 4.829476723033161e-06,
    "e_id": 74,
    "tspan": [
        2375,
        2425
    ],
    "r_id": null,
    "rate_calc_kwargs": {},
    "description": null,
    "t_id": 579,
    "amount": null,
    "sample_name": null
}