{
    "tof_type": "activity",
    "rate": 3.477599027167631e-12,
    "tof": 0.002088727012328728,
    "potential": 1.3890275682000004,
    "current": 1.3166594233551718e-06,
    "e_id": 74,
    "tspan": [
        3025,
        3075
    ],
    "r_id": null,
    "rate_calc_kwargs": {},
    "description": null,
    "t_id": 581,
    "amount": null,
    "sample_name": null
}