{
    "tof_type": "activity",
    "rate": 1.0177497729106392e-12,
    "tof": 0.0006112842296833927,
    "potential": 1.3691013079999999,
    "current": 3.3446795217801936e-07,
    "e_id": 74,
    "tspan": [
        3650,
        3700
    ],
    "r_id": null,
    "rate_calc_kwargs": {},
    "description": null,
    "t_id": 583,
    "amount": null,
    "sample_name": null
}