{
    "tof_type": "activity",
    "rate": 7.52608069405439e-11,
    "tof": 0.0452033944104258,
    "potential": 1.4391058058000004,
    "current": 2.958711156308757e-05,
    "e_id": 74,
    "tspan": [
        6000,
        6050
    ],
    "r_id": null,
    "rate_calc_kwargs": {},
    "description": null,
    "t_id": 590,
    "amount": null,
    "sample_name": null
}