{
    "tof_type": "activity",
    "rate": 2.0279407822084155e-10,
    "tof": 0.1218028489803114,
    "potential": 1.4590673528999998,
    "current": 7.819920756863904e-05,
    "e_id": 74,
    "tspan": [
        6675,
        6725
    ],
    "r_id": null,
    "rate_calc_kwargs": {},
    "description": null,
    "t_id": 592,
    "amount": null,
    "sample_name": null
}