{
    "tof_type": "activity",
    "rate": 5.800928562730622e-12,
    "tof": 0.002937322305103534,
    "potential": 1.40898239428,
    "current": 2.410215266807166e-06,
    "e_id": 75,
    "tspan": [
        2175,
        2225
    ],
    "r_id": null,
    "rate_calc_kwargs": {},
    "description": null,
    "t_id": 601,
    "amount": null,
    "sample_name": null
}