{
    "tof_type": "activity",
    "rate": 3.069786505626514e-12,
    "tof": 0.0015543981066779627,
    "potential": 1.3995271835999998,
    "current": 1.319472617304579e-06,
    "e_id": 75,
    "tspan": [
        2500,
        2550
    ],
    "r_id": null,
    "rate_calc_kwargs": {},
    "description": null,
    "t_id": 602,
    "amount": null,
    "sample_name": null
}