{
    "tof_type": "activity",
    "rate": 4.681921928858517e-13,
    "tof": 0.00023707090276450454,
    "potential": 1.36911171538,
    "current": 2.5186117427923707e-07,
    "e_id": 75,
    "tspan": [
        3450,
        3500
    ],
    "r_id": null,
    "rate_calc_kwargs": {},
    "description": null,
    "t_id": 604,
    "amount": null,
    "sample_name": null
}