{
    "tof_type": "activity",
    "rate": 2.1800350290282409e-13,
    "tof": 0.00011038690525879244,
    "potential": 1.35910640836,
    "current": 1.681002870694782e-07,
    "e_id": 75,
    "tspan": [
        3750,
        3800
    ],
    "r_id": null,
    "rate_calc_kwargs": {},
    "description": null,
    "t_id": 605,
    "amount": null,
    "sample_name": null
}