{
    "tof_type": "activity",
    "rate": 1.0811563769558669e-13,
    "tof": 5.4744765549095467e-05,
    "potential": 1.3492551633799998,
    "current": 1.1444661673037875e-07,
    "e_id": 75,
    "tspan": [
        4050,
        4100
    ],
    "r_id": null,
    "rate_calc_kwargs": {},
    "description": null,
    "t_id": 606,
    "amount": null,
    "sample_name": null
}