{
    "tof_type": "activity",
    "rate": 6.905194339336255e-11,
    "tof": 0.03496471493256849,
    "potential": 1.4691870380199998,
    "current": 2.7443411051276287e-05,
    "e_id": 75,
    "tspan": [
        6000,
        6050
    ],
    "r_id": null,
    "rate_calc_kwargs": {},
    "description": null,
    "t_id": 611,
    "amount": null,
    "sample_name": null
}