{
    "tof_type": "activity",
    "rate": 1.2881216325843928e-10,
    "tof": 0.06522453021375393,
    "potential": 1.4987912844399998,
    "current": 4.977755463034206e-05,
    "e_id": 75,
    "tspan": [
        7050,
        7100
    ],
    "r_id": null,
    "rate_calc_kwargs": {},
    "description": null,
    "t_id": 613,
    "amount": null,
    "sample_name": null
}