{
    "tof_type": "activity",
    "rate": 2.9333511811952975e-11,
    "tof": 0.01485313559726189,
    "potential": 1.4493285016,
    "current": 1.1370201363834708e-05,
    "e_id": 75,
    "tspan": [
        7750,
        7800
    ],
    "r_id": null,
    "rate_calc_kwargs": {},
    "description": null,
    "t_id": 615,
    "amount": null,
    "sample_name": null
}