{
    "tof_type": "activity",
    "rate": 1.1688656170155096e-11,
    "tof": 0.005918595637578609,
    "potential": 1.42933726866,
    "current": 4.622714890117916e-06,
    "e_id": 75,
    "tspan": [
        8100,
        8150
    ],
    "r_id": null,
    "rate_calc_kwargs": {},
    "description": null,
    "t_id": 616,
    "amount": null,
    "sample_name": null
}