{
    "tof_type": "activity",
    "rate": 2.2066584716055797e-12,
    "tof": 0.0011732536730339025,
    "potential": 1.3992984148,
    "current": 1.0982887602432755e-06,
    "e_id": 76,
    "tspan": [
        2850,
        2900
    ],
    "r_id": null,
    "rate_calc_kwargs": {},
    "description": null,
    "t_id": 626,
    "amount": null,
    "sample_name": null
}