{
    "tof_type": "activity",
    "rate": 9.78146630688623e-13,
    "tof": 0.0005200687564424735,
    "potential": 1.38916483358,
    "current": 6.23556758738182e-07,
    "e_id": 76,
    "tspan": [
        3175,
        3225
    ],
    "r_id": null,
    "rate_calc_kwargs": {},
    "description": null,
    "t_id": 627,
    "amount": null,
    "sample_name": null
}