{
    "tof_type": "activity",
    "rate": 6.501025008256933e-11,
    "tof": 0.033951890357004036,
    "potential": 1.45914811646,
    "current": 2.6543244402043766e-05,
    "e_id": 77,
    "tspan": [
        850,
        900
    ],
    "r_id": null,
    "rate_calc_kwargs": {},
    "description": null,
    "t_id": 635,
    "amount": null,
    "sample_name": null
}