{
    "tof_type": "activity",
    "rate": 1.3064317479430425e-10,
    "tof": 0.06822897529041207,
    "potential": 1.4790957877777777,
    "current": 5.097948804993907e-05,
    "e_id": 77,
    "tspan": [
        1575,
        1625
    ],
    "r_id": null,
    "rate_calc_kwargs": {},
    "description": null,
    "t_id": 637,
    "amount": null,
    "sample_name": null
}