{
    "tof_type": "activity",
    "rate": 2.2672136458410587e-10,
    "tof": 0.11840623443492646,
    "potential": 1.49915885432,
    "current": 8.74641195092352e-05,
    "e_id": 77,
    "tspan": [
        2275,
        2325
    ],
    "r_id": null,
    "rate_calc_kwargs": {},
    "description": null,
    "t_id": 639,
    "amount": null,
    "sample_name": null
}