{
    "tof_type": "activity",
    "rate": 2.080899725740403e-10,
    "tof": 0.0011678152122831917,
    "potential": 1.39110804332,
    "current": 0.00013847186711188429,
    "e_id": 78,
    "tspan": [
        2475,
        2525
    ],
    "r_id": null,
    "rate_calc_kwargs": {},
    "description": null,
    "t_id": 641,
    "amount": null,
    "sample_name": null
}