{
    "tof_type": "activity",
    "rate": 5.3138542805532374e-11,
    "tof": 0.0002982171503952799,
    "potential": 1.367493652542613,
    "current": -7.284756777072059e-05,
    "e_id": 78,
    "tspan": [
        3100,
        3150
    ],
    "r_id": null,
    "rate_calc_kwargs": {},
    "description": null,
    "t_id": 643,
    "amount": null,
    "sample_name": null
}