{
    "tof_type": "activity",
    "rate": 9.800980643431247e-12,
    "tof": 5.500377624692904e-05,
    "potential": 1.3510734962,
    "current": 3.8574393393487016e-05,
    "e_id": 78,
    "tspan": [
        3700,
        3750
    ],
    "r_id": null,
    "rate_calc_kwargs": {},
    "description": null,
    "t_id": 645,
    "amount": null,
    "sample_name": null
}