{
    "tof_type": "activity",
    "rate": 1.9108569577797117e-12,
    "tof": 1.0723860434929558e-05,
    "potential": 1.33100004124,
    "current": 3.124951733556977e-05,
    "e_id": 78,
    "tspan": [
        4300,
        4350
    ],
    "r_id": null,
    "rate_calc_kwargs": {},
    "description": null,
    "t_id": 647,
    "amount": null,
    "sample_name": null
}