{
    "tof_type": "activity",
    "rate": 2.9374310450216004e-13,
    "tof": 1.6485064690892678e-06,
    "potential": 1.3110076245799998,
    "current": 2.9799665319667483e-05,
    "e_id": 78,
    "tspan": [
        5225,
        5275
    ],
    "r_id": null,
    "rate_calc_kwargs": {},
    "description": null,
    "t_id": 649,
    "amount": null,
    "sample_name": null
}