{
    "tof_type": "activity",
    "rate": 1.853277063170444e-12,
    "tof": 1.9793025769240168e-05,
    "potential": 1.3509825001999998,
    "current": 7.1742348392004035e-06,
    "e_id": 80,
    "tspan": [
        1650,
        1700
    ],
    "r_id": null,
    "rate_calc_kwargs": {},
    "description": null,
    "t_id": 664,
    "amount": null,
    "sample_name": null
}