{
    "tof_type": "activity",
    "rate": 9.640239108330931e-13,
    "tof": 1.0295789274292791e-05,
    "potential": 1.34081583956,
    "current": 5.025515248986791e-06,
    "e_id": 80,
    "tspan": [
        1950,
        2000
    ],
    "r_id": null,
    "rate_calc_kwargs": {},
    "description": null,
    "t_id": 665,
    "amount": null,
    "sample_name": null
}